{
  "energy_conservation": {
    "cond_0": {
      "label": "Slow (q\u2080=0, p\u2080=0.5)",
      "q0": 0.0,
      "p0": 0.5,
      "dt": 0.05,
      "n_steps": 10000,
      "symplectic_euler": {
        "mean_drift": 2.1144095826520584e-05,
        "max_drift": 0.0016320458387419912,
        "final_drift": 7.256971110525257e-05,
        "drift_rate": -3.775227395483964e-09,
        "rms_error": 0.0011389307219739333
      },
      "stormer_verlet": {
        "mean_drift": 1.0849441248425816e-05,
        "max_drift": 2.0975642352261126e-05,
        "final_drift": 1.140927174958506e-08,
        "drift_rate": -5.505824334212719e-13,
        "rms_error": 1.3142779390742878e-05
      },
      "explicit_euler": {
        "mean_drift": 1.4833274670243635,
        "max_drift": 3.2105823571911585,
        "final_drift": 3.1785707652088484,
        "drift_rate": 0.00034993202454762555,
        "rms_error": 1.7968752912893766
      },
      "rk4": {
        "mean_drift": -2.5656923961876594e-09,
        "max_drift": 5.101337130497541e-09,
        "final_drift": -5.062915309217431e-09,
        "drift_rate": -5.062754780016056e-13,
        "rms_error": 2.952875106697936e-09
      }
    },
    "cond_1": {
      "label": "Medium (q\u2080=3, p\u2080=1.5)",
      "q0": 3.0,
      "p0": 1.5,
      "dt": 0.05,
      "n_steps": 10000,
      "symplectic_euler": {
        "mean_drift": -0.01950800058063415,
        "max_drift": 0.040466076520649485,
        "final_drift": -0.015609440765401938,
        "drift_rate": 5.737746171251645e-09,
        "rms_error": 0.022749168650061706
      },
      "stormer_verlet": {
        "mean_drift": -4.003712315212271e-05,
        "max_drift": 0.00027132266344320755,
        "final_drift": 1.6778899785796497e-05,
        "drift_rate": -1.1889484844308683e-11,
        "rms_error": 9.525407403120348e-05
      },
      "explicit_euler": {
        "mean_drift": 1.6226033234320874,
        "max_drift": 3.349254833416942,
        "final_drift": 3.3368943996192977,
        "drift_rate": 0.00033597691437918016,
        "rms_error": 1.890571159599242
      },
      "rk4": {
        "mean_drift": -1.4200090931243934e-08,
        "max_drift": 3.755497779422967e-08,
        "final_drift": -3.638380663417706e-08,
        "drift_rate": -3.765338890140823e-12,
        "rms_error": 1.807421841589773e-08
      }
    },
    "cond_2": {
      "label": "Fast (q\u2080=1, p\u2080=3.0)",
      "q0": 1.0,
      "p0": 3.0,
      "dt": 0.05,
      "n_steps": 10000,
      "symplectic_euler": {
        "mean_drift": -0.019055856072098993,
        "max_drift": 0.05464346265627196,
        "final_drift": -0.011084840596198742,
        "drift_rate": -1.863642211883524e-09,
        "rms_error": 0.031185000416504818
      },
      "stormer_verlet": {
        "mean_drift": 0.00042485235260225694,
        "max_drift": 0.000739067518662484,
        "final_drift": 0.0004744027877796597,
        "drift_rate": 1.7607404499058037e-10,
        "rms_error": 0.0005165250726902727
      },
      "explicit_euler": {
        "mean_drift": 1.6872382461147397,
        "max_drift": 3.4398125034750247,
        "final_drift": 3.4152023101235147,
        "drift_rate": 0.00034125842730402625,
        "rms_error": 1.9540627212859225
      },
      "rk4": {
        "mean_drift": -1.6881936873071916e-07,
        "max_drift": 3.357711833018584e-07,
        "final_drift": -3.357711833018584e-07,
        "drift_rate": -3.095147223350579e-11,
        "rms_error": 1.9130325227278584e-07
      }
    },
    "cond_3": {
      "label": "Near tritone (q\u2080=6)",
      "q0": 6.0,
      "p0": 0.1,
      "dt": 0.05,
      "n_steps": 10000,
      "symplectic_euler": {
        "mean_drift": 1.6352815488946636e-05,
        "max_drift": 0.02024217471692169,
        "final_drift": 0.00024056522297777327,
        "drift_rate": 2.7195624588927827e-08,
        "rms_error": 0.009166935785231579
      },
      "stormer_verlet": {
        "mean_drift": -9.20409409820886e-06,
        "max_drift": 0.00022962091300282594,
        "final_drift": 1.1800957331331574e-06,
        "drift_rate": -2.1919228226586862e-11,
        "rms_error": 6.560127442197959e-05
      },
      "explicit_euler": {
        "mean_drift": 1.610044673337917,
        "max_drift": 3.3332969446110035,
        "final_drift": 3.323971008102319,
        "drift_rate": 0.0003346744253444245,
        "rms_error": 1.8778765660654362
      },
      "rk4": {
        "mean_drift": -1.2364546853746924e-08,
        "max_drift": 2.8719743916383322e-08,
        "final_drift": -2.297544354767922e-08,
        "drift_rate": -2.29193721587509e-12,
        "rms_error": 1.4169966733994044e-08
      }
    },
    "cond_4": {
      "label": "High resolution (dt=0.01)",
      "q0": 7.0,
      "p0": 2.0,
      "dt": 0.01,
      "n_steps": 50000,
      "symplectic_euler": {
        "mean_drift": 0.0025932083347986923,
        "max_drift": 0.008973158662906489,
        "final_drift": 0.0037426269596956274,
        "drift_rate": -3.548576701050219e-10,
        "rms_error": 0.00508480707299256
      },
      "stormer_verlet": {
        "mean_drift": -8.768361215985138e-06,
        "max_drift": 2.5864675261555448e-05,
        "final_drift": -2.5341557906344292e-05,
        "drift_rate": 1.6384543676213753e-12,
        "rms_error": 1.2764717968878052e-05
      },
      "explicit_euler": {
        "mean_drift": 0.342260111633013,
        "max_drift": 0.6859365636579633,
        "final_drift": 0.6859365636579633,
        "drift_rate": 1.3574643994537338e-05,
        "rms_error": 0.39440526333783077
      },
      "rk4": {
        "mean_drift": -3.3367266412971015e-11,
        "max_drift": 8.061507017487202e-11,
        "final_drift": -3.928546377096609e-11,
        "drift_rate": -1.2649741928903928e-15,
        "rms_error": 4.0037177571385274e-11
      }
    }
  },
  "long_term": {
    "symplectic_euler": {
      "drift": {
        "mean_drift": -0.01122981273538772,
        "max_drift": 0.022600825405548752,
        "final_drift": -0.006228046065303583,
        "drift_rate": -1.6339340894849249e-10,
        "rms_error": 0.013697379642208548
      },
      "final_volume": 33.71481656506623
    },
    "stormer_verlet": {
      "drift": {
        "mean_drift": -1.1898228200148787e-05,
        "max_drift": 0.00010709948522513724,
        "final_drift": 8.071673820109204e-06,
        "drift_rate": -1.860734149558257e-12,
        "rms_error": 5.22564496150076e-05
      },
      "final_volume": 33.90630416047107
    },
    "explicit_euler": {
      "drift": {
        "mean_drift": 17.16389832711024,
        "max_drift": 34.349655400178804,
        "final_drift": 34.231514698669315,
        "drift_rate": 0.0003415803628365461,
        "rms_error": 19.794836882376256
      },
      "final_volume": 2.544567161550794
    },
    "rk4": {
      "drift": {
        "mean_drift": -1.2651854792067579e-07,
        "max_drift": 2.554655306186149e-07,
        "final_drift": -2.554487925632287e-07,
        "drift_rate": -2.55468193574167e-12,
        "rms_error": 1.4644608630607894e-07
      },
      "final_volume": 33.91006750819762
    }
  },
  "coherence": {
    "symplectic_euler": {
      "scores": [
        0.4804878048780488,
        0.3919811320754717,
        0.3827319587628866,
        0.3864705882352941
      ],
      "mean": 0.4104178709879253,
      "std": 0.04058845606838006
    },
    "stormer_verlet": {
      "scores": [
        0.4804878048780488,
        0.3919811320754717,
        0.38410256410256416,
        0.38333333333333336
      ],
      "mean": 0.4099762085973545,
      "std": 0.0408503251849267
    },
    "explicit_euler": {
      "scores": [
        0.4448979591836735,
        0.3846153846153847,
        0.38333333333333336,
        0.3847150259067358
      ],
      "mean": 0.39939042575978184,
      "std": 0.026279435958480615
    },